,0
0,tt0199421
1,tt4686698
2,m0000203
3,tt0387199
4,m0000568
5,tt8805968
6,m0000187
7,tt4396630
8,m0002121
9,m0330687
10,m3507289
11,tt2035599
12,tt0075488
13,m0001073
14,m0908094
15,tt10724452
16,tt0163924
17,tt1321865
18,m3117320
19,m2442289
20,m0004266
21,tt1842530
22,m0001576
23,tt4462082
24,tt7062794
25,m0005522
26,tt5707802
27,tt8080292
28,tt6156584
29,m0502342
30,tt0412253
31,tt0112173
32,m0000206
33,m0290556
34,tt1397132
35,tt6932244
36,tt5114356
37,m0000827
38,m0738042
39,tt6110648
40,tt0111901
41,tt10177850
42,tt1074206
43,tt5673782
44,m0396079
45,tt1238834
46,tt2592094
47,tt3070498
48,tt3006462
49,tt10166602
50,tt5574490
51,tt2660806
52,m3119473
